The Saffron Homes,Millenium Engineers,Sector-50,3 4 BHK,Gurgaon
Gurgaon Greens,Emaar MGF Group,Sector-102,3 4 BHK,Gurgaon
Vatika Emilia,Vatika,Sector-82,2 3 BHK,Gurgaon
Unitech Residences,Unitech,Sector-33,2 3 4 BHK,Gurgaon
Central Park-2,Shweta Estates,Sohna Road,2 3 4 5 BHK,Gurgaon
M3M Golf Estate,M3M,Sector-65,3 4 BHK,Gurgaon
Chintels Serenity,Chintels Group,Sector-109,3 4 BHK,Gurgaon
Vatika Sovereign Park,Vatika Group,Sector-99,3 4 BHK,Gurgaon
Vipul Gardens,Vipul Infrastructure Developer Ltd.,NH-8,1 2 3 BHK,Gurgaon
Raisina Residency,Tata Housing Development Company Ltd.,Golf course Extension Road,3 4 5 BHK,Gurgaon
Sovereign Next,Vatika Group,Sector-82,3 4 BHK,Gurgaon
Mount Ville,Mapsko Builders Pvt. Ltd.,Sector-79,3 4 BHK,Gurgaon
Era Skyville,ERA Landmarks Ltd.,Sector-68,2 3 BHK,Gurgaon
Ramprastha-Primera,Ramprastha Promoters & Developers (Pvt) Ltd.,Sector-37D,3 BHK,Gurgaon
Marbella,Emaar MGF Land Limited,Golf Course Road,4 5 BHK,Gurgaon
Ansal Fernhills Sec-91,Ansal API,Sector-91,2 3 4 BHK,Gurgaon
DLF New Town Heights,DLF,Sector-86,3 4 BHK,Gurgaon
Ireo Victory Valley,Ireo,Sector-67,2 3 4 BHK,Gurgaon
Microtek,Microtek Group,Sector-86,2 BHK,Gurgaon
Sobha International City,Sobha Developers,Sector-109,3 BHK,Gurgaon
INXT Floors,Vatika Ltd.,Sector-82,3 4 BHK,Gurgaon
Puri Emerald Bay,Puri Constructions,Sector 104,3 4 BHK,Gurgaon
The Leaf,SS Group,Sector-85,2 3 4 5 BHK Residential House,Gurgaon
AIPL-The Peaceful Homes,AIPL,Sector-70A,2 3 4 BHK,Gurgaon
Aravali Heights,Dwarkadhis Projects Pvt. Ltd.,Hari Nagar,2 3 BHK,Gurgaon
Raheja Sampada,Raheja Dovelopers,Sector-92,3 4 BHK,Gurgaon
The Grand,Sare Homes,Sector-92,3 4 BHK,Gurgaon
Unitech Vistas,Unitech,Sector-70,2 3 4 BHK,Gurgaon
Ireo Grand Arch,Ireo,Sector-58,2 3 4 5 BHK,Gurgaon
Imperia Esfera,Imperia Structures,Sector-37C,4 BHK,Gurgaon
Vatika India Next,Vatika Ltd.,Sector-82,1 2 3 4 BHK,Gurgaon
Sare-The Grand Phase (V),Sare Homes,Sector-92,3 4 BHK,Gurgaon
ILD Grand,Alm Infotech City Pvt. Ltd.,Sector-37D,2 3 BHK,Gurgaon
Hibiscus,SS Group,Sector-50,3 4 5 BHK,Gurgaon
Ultra Luxury Homes,SS Group,Sector-85,2 3 4 BHK,Gurgaon
Antriksh Heights,Dwarkadhis Buildwell Group,Sector-84,2 3 BHK,Gurgaon
Stair Garden,BPTP,Sector-70A,3 4 BHK,Gurgaon
