Orris Curio City Apartments,Orris,Yamuna Expressway,1 2 3 BHK,Greater Noida
Sunworld City,Sunworld,Yamuna Expressway,Residential Plot,Greater Noida
AVJ Ace City,Crest Promoters Pvt. Ltd.,Sector-1,2 3 BHK,Greater Noida
Rudra SkyWalk,Rudra,Yamuna Expressway,1 2 BHK,Greater Noida
Supertech Ecovillage 3,Supertech,Sector-1,2 3 4 BHK,Greater Noida
Mahaluxmi Green Mansion,Mahaluxmi Buildwell Pvt. Ltd.,Zeta I,2 3 BHK,Greater Noida
Shri Rajneegandha Greens,Rajput Properties and Developers Pvt. Ltd.,Sector-Pi,2 3 BHK,Greater Noida
La Galaxia,Newtech,Surajpur,2 3 BHK,Greater Noida
Supertech Grand Circuit,Supertech Limited,Yamuna Expressway,1 2 3 BHK,Greater Noida
Cosmic Corporate Park,Cosmic Group,FNG Expressway,1 BHK Service Apartment,Greater Noida
Premia Corporate City,Premia Projects Ltd.,Knowledge Park-5,1 BHK,Greater Noida
Orris Curio City,Orris,Yamuna Expressway,1 2 3 BHK,Greater Noida
AVJ Ace City,AVJ Group,Sector-1,2 3 BHK,Greater Noida
Shivalik Homes,Cosmos Infra Estate Pvt. Ltd.,FNG Expressway,2 3 BHK,Greater Noida
Pyramid Residency,Shree Pyramid Propmart,Yamuna Expressway,Residential Plot,Greater Noida
Orris Curio City Plots,Orris Infrastructure Pvt. Ltd.,Yamuna Expressway,Residential Plot,Greater Noida
Earth Gracia,Earth Infrastructures,Sector-1,3 BHK,Greater Noida
Prime View,Neo Shape Infratech Pvt. Ltd.,Yamuna Expressway,Residential Plot,Greater Noida
Shubhkamna Valley,Shubhkamna Advert,Yamuna Expressway,Residential Plot,Greater Noida
Shivalik Homes,Cosmos Infratestate Pvt. Ltd.,Surajpur,1 2 3 BHK,Greater Noida
AVJ Platinum,AVJ Group,Zeta I,1 2 3 BHK,Greater Noida
Ansal Megapolis,Ansal API,Pari Chowk,2 3 BHK,Greater Noida
Sunworld City,Earth Infrastructures,Yamuna Expressway,1 2 3 BHK,Greater Noida
